site,company,title,location,link
WeWorkRemotely,"Upstack Technologies, Inc.",Europe Only,Full stack Javascript Developer,https://weworkremotely.com//company/upstack-technologies-inc
WeWorkRemotely,Aha!,Anywhere in the World,Ruby on Rails Engineer (React.js / Javascript),https://weworkremotely.com//company/aha
WeWorkRemotely,SocialHub,Anywhere in the World,Backend Javascript / Node.js Developer - Remote/SaaS (m/f/d),https://weworkremotely.com//company/socialhub
WeWorkRemotely,Finale Inventory,Anywhere in the World,Senior Software Engineer (JavaScript / Node / React),https://weworkremotely.com//company/finale-inventory
WeWorkRemotely,Bottomless,Anywhere in the World,Senior JavaScript Developer,https://weworkremotely.com//company/bottomless
WeWorkRemotely,GrowSurf,Anywhere in the World,"Full-Stack Engineer #1 (JavaScript, 100% Remote)",https://weworkremotely.com//company/growsurf
WeWorkRemotely,Clevertech,Anywhere in the World,Senior Full Stack Engineer - JavaScript,https://weworkremotely.com//company/clevertech
WeWorkRemotely,FingerprintJS,Anywhere in the World,Senior JavaScript Developer (Fullstack),https://weworkremotely.com//company/fingerprintjs
WeWorkRemotely,Last Call Media,Anywhere in the World,Javascript Application Developer (Remote),https://weworkremotely.com//company/last-call-media
WeWorkRemotely,X-Team,Anywhere in the World,Full-Stack JavaScript Developer,https://weworkremotely.com//company/x-team
WeWorkRemotely,AgencyAnalytics,Canada Only,JavaScript Engineer,https://weworkremotely.com//company/agencyanalytics
WeWorkRemotely,FinDox Inc,Anywhere in the World,Frontend JavaScript Software Design Engineer in Test,https://weworkremotely.com//company/findox-inc
WeWorkRemotely,Test Double,Americas Only,Senior Software Consultant - Javascript,https://weworkremotely.com//company/test-double
WeWorkRemotely,Automattic,Anywhere in the World,"Senior Software Engineer (Frontend, JavaScript)",https://weworkremotely.com//company/automattic
WeWorkRemotely,AlphaMap,Americas Only,JavaScript Developer,https://weworkremotely.com//company/alphamap
WeWorkRemotely,Spline,Anywhere in the World,Javascript Developer (3D Graphics),https://weworkremotely.com//company/spline
WeWorkRemotely,Chalkboard,Europe Only,JavaScript Developer,https://weworkremotely.com//company/chalkboard
WeWorkRemotely,Doximity,North America Only,Automation Software Engineer (Ruby/Javascript),https://weworkremotely.com//company/doximity
